_id,userId,followingId,createdAt,__v
67977a5bdee8c7cd3de209c7,67977880dee8c7cd3de1d9b9,67977895dee8c7cd3de1d9bb,2025-01-27T12:21:47.661Z,0
679f0686dee8c7cd3df8ae1c,679f05eedee8c7cd3df897f2,67978394dee8c7cd3de2331b,2025-02-02T05:45:42.997Z,0
67b8248be31cabd7a2d836f2,67978394dee8c7cd3de2331b,67addfab5467acc8aeebe9bb,2025-02-21T07:00:27.137Z,0
67b8595ce31cabd7a2e58ff0,67b5da6c547527513e8a6f28,67978394dee8c7cd3de2331b,2025-02-21T10:45:48.398Z,0
67b85987e31cabd7a2e5ab1f,67b5da6c547527513e8a6f28,679dd040dee8c7cd3df3d90a,2025-02-21T10:46:31.800Z,0
67b859d7e31cabd7a2e5dc96,67b5da6c547527513e8a6f28,679f05eedee8c7cd3df897f2,2025-02-21T10:47:51.905Z,0
67b85dcbe31cabd7a2e64695,67978394dee8c7cd3de2331b,67977895dee8c7cd3de1d9bb,2025-02-21T11:04:43.897Z,0
67b9c93ce31cabd7a2ee733c,67978394dee8c7cd3de2331b,67b6e0dd547527513ea0ef0f,2025-02-22T12:55:24.478Z,0
67b9e417e31cabd7a2eeaf84,67b9e3a0e31cabd7a2ee7342,67978394dee8c7cd3de2331b,2025-02-22T14:49:59.064Z,0
67b9ec73e31cabd7a2eebcf5,67978394dee8c7cd3de2331b,67b9e3a0e31cabd7a2ee7342,2025-02-22T15:25:39.245Z,0
67bac13ce31cabd7a2ef385b,67978394dee8c7cd3de2331b,67b5da6c547527513e8a6f28,2025-02-23T06:33:32.266Z,0
67baea01e31cabd7a2f03d55,67bae5ede31cabd7a2f00586,67978394dee8c7cd3de2331b,2025-02-23T09:27:29.418Z,0
67baea05e31cabd7a2f03d61,67bae5ede31cabd7a2f00586,679dd040dee8c7cd3df3d90a,2025-02-23T09:27:33.344Z,0
67baea09e31cabd7a2f03d6d,67bae5ede31cabd7a2f00586,679f05eedee8c7cd3df897f2,2025-02-23T09:27:37.951Z,0
67bc1dc5e31cabd7a2f3d7af,67978394dee8c7cd3de2331b,67bc0d0de31cabd7a2f25e2a,2025-02-24T07:20:37.517Z,0
67bc4defe31cabd7a2f5cdde,67bc4945e31cabd7a2f56cf8,67978394dee8c7cd3de2331b,2025-02-24T10:46:07.730Z,0
67bd93dee31cabd7a21a55d0,679dd040dee8c7cd3df3d90a,67978394dee8c7cd3de2331b,2025-02-25T09:56:46.801Z,0
67bd93e1e31cabd7a21a5837,679dd040dee8c7cd3df3d90a,67bae5ede31cabd7a2f00586,2025-02-25T09:56:49.066Z,0
67be9c60e31cabd7a229f4a7,67978394dee8c7cd3de2331b,67be931ae31cabd7a22964ff,2025-02-26T04:45:20.685Z,0
67beed39e31cabd7a234013f,67978394dee8c7cd3de2331b,67bedf9ee31cabd7a2332122,2025-02-26T10:30:17.548Z,0
67beeed3e31cabd7a234ac94,67bedf9ee31cabd7a2332122,67978394dee8c7cd3de2331b,2025-02-26T10:37:07.176Z,0
67bf39f3e31cabd7a2379ecf,67bf3903e31cabd7a23731de,67978394dee8c7cd3de2331b,2025-02-26T15:57:39.757Z,0
67bf3a2be31cabd7a237b4ad,67978394dee8c7cd3de2331b,67bf3903e31cabd7a23731de,2025-02-26T15:58:35.113Z,0
67bfee43e31cabd7a238b384,67978394dee8c7cd3de2331b,67bfde19e31cabd7a2388f5b,2025-02-27T04:46:59.244Z,0
67c138d1d0bb37f71f540a3e,67978394dee8c7cd3de2331b,67c1308dd0bb37f71f53da55,2025-02-28T04:17:21.541Z,0
67c2ec9d59646841f2ddf5ca,67978394dee8c7cd3de2331b,67bae5ede31cabd7a2f00586,2025-03-01T11:16:45.581Z,0
67c53a718a5dc07a91cc6679,67977895dee8c7cd3de1d9bb,67b6e0dd547527513ea0ef0f,2025-03-03T05:13:21.025Z,0
67c54b042992512ef821fd9b,67978394dee8c7cd3de2331b,679dd040dee8c7cd3df3d90a,2025-03-03T06:24:04.818Z,0
67c5a46b60b8a2fb6964b61a,67bc4945e31cabd7a2f56cf8,67977895dee8c7cd3de1d9bb,2025-03-03T12:45:31.583Z,0
67caa8839d1b7a54e689f4e6,67978394dee8c7cd3de2331b,67977880dee8c7cd3de1d9b9,2025-03-07T08:04:19.122Z,0
67cbe46a9d1b7a54e6c47e90,67978394dee8c7cd3de2331b,67cbe0dc9d1b7a54e6c44b7d,2025-03-08T06:32:10.072Z,0
67cbe50a9d1b7a54e6c4a1e0,679f05eedee8c7cd3df897f2,67bf3903e31cabd7a23731de,2025-03-08T06:34:50.141Z,0
67cbe50b9d1b7a54e6c4a228,679f05eedee8c7cd3df897f2,67c1308dd0bb37f71f53da55,2025-03-08T06:34:51.950Z,0
67cbe5109d1b7a54e6c4a2ac,679f05eedee8c7cd3df897f2,67bc0d0de31cabd7a2f25e2a,2025-03-08T06:34:56.418Z,0
67cbe5169d1b7a54e6c4a36c,679f05eedee8c7cd3df897f2,67bae5ede31cabd7a2f00586,2025-03-08T06:35:02.426Z,0
67cbe6cf9d1b7a54e6c4b1f5,67978394dee8c7cd3de2331b,679f05eedee8c7cd3df897f2,2025-03-08T06:42:23.639Z,0
67cc3c399d1b7a54e6c5243b,67978394dee8c7cd3de2331b,67cc38b79d1b7a54e6c4e9ce,2025-03-08T12:46:49.018Z,0
67d005529d1b7a54e62b2fa8,67cfb9de9d1b7a54e6159668,67978394dee8c7cd3de2331b,2025-03-11T09:41:38.776Z,0
67d005909d1b7a54e62b6e0d,67978394dee8c7cd3de2331b,67cfb9de9d1b7a54e6159668,2025-03-11T09:42:40.046Z,0
67d0065d9d1b7a54e62bf92e,67978394dee8c7cd3de2331b,67bbff23e31cabd7a2f11f81,2025-03-11T09:46:05.089Z,0
67d0311c9d1b7a54e632c6da,67d030b99d1b7a54e6329987,67cfb9de9d1b7a54e6159668,2025-03-11T12:48:28.162Z,0
67d031c89d1b7a54e6337be7,67978394dee8c7cd3de2331b,67d030b99d1b7a54e6329987,2025-03-11T12:51:20.929Z,0
67d475599d1b7a54e651653d,67978394dee8c7cd3de2331b,67d190369d1b7a54e64e7ccb,2025-03-14T18:28:41.695Z,0
67db97d394c6fc816642831f,67cfb9de9d1b7a54e6159668,67b5da6c547527513e8a6f28,2025-03-20T04:21:39.891Z,0
67e7eadb55d5c352052aa734,67e7ea9955d5c352052a34b1,67977880dee8c7cd3de1d9b9,2025-03-29T12:43:07.160Z,0
67e7eadc55d5c352052aa7eb,67e7ea9955d5c352052a34b1,67978394dee8c7cd3de2331b,2025-03-29T12:43:08.870Z,0
67e7eae255d5c352052ab0b2,67e7ea9955d5c352052a34b1,67addfab5467acc8aeebe9bb,2025-03-29T12:43:14.638Z,0
67e8322755d5c35205498e36,67e8309355d5c3520549444a,67977880dee8c7cd3de1d9b9,2025-03-29T17:47:19.714Z,0
67e8323655d5c35205499095,67e8309355d5c3520549444a,67978394dee8c7cd3de2331b,2025-03-29T17:47:34.119Z,0
67e8328855d5c35205499d9a,67e8309355d5c3520549444a,679f05eedee8c7cd3df897f2,2025-03-29T17:48:56.041Z,0
67e8328a55d5c35205499dfb,67e8309355d5c3520549444a,67addfab5467acc8aeebe9bb,2025-03-29T17:48:58.898Z,0
67e8328c55d5c35205499e5c,67e8309355d5c3520549444a,67b5da6c547527513e8a6f28,2025-03-29T17:49:00.986Z,0
67e8329555d5c35205499fbc,67e8309355d5c3520549444a,67bae5ede31cabd7a2f00586,2025-03-29T17:49:09.376Z,0
67e8329755d5c3520549a01d,67e8309355d5c3520549444a,67bbff23e31cabd7a2f11f81,2025-03-29T17:49:11.375Z,0
67e8329a55d5c3520549a07f,67e8309355d5c3520549444a,67bc0d0de31cabd7a2f25e2a,2025-03-29T17:49:14.628Z,0
67e832ad55d5c3520549a388,67e8309355d5c3520549444a,67cfb9de9d1b7a54e6159668,2025-03-29T17:49:33.555Z,0
67e832b055d5c3520549a43e,67e8309355d5c3520549444a,67d030b99d1b7a54e6329987,2025-03-29T17:49:36.646Z,0
67e832b555d5c3520549a4f4,67e8309355d5c3520549444a,67e7ea9955d5c352052a34b1,2025-03-29T17:49:41.136Z,0
67ea752355d5c3520587ea7d,67e7ea9955d5c352052a34b1,67cfb9de9d1b7a54e6159668,2025-03-31T10:57:39.571Z,0
67ea755755d5c35205882a6b,67cfb9de9d1b7a54e6159668,67e7ea9955d5c352052a34b1,2025-03-31T10:58:31.259Z,0
67eb8ffb9f690397a07d32b1,67978394dee8c7cd3de2331b,679cacdedee8c7cd3df00d3d,2025-04-01T07:04:27.206Z,0
67ee490d7e4a640e49b5663b,67e7ea9955d5c352052a34b1,67e8309355d5c3520549444a,2025-04-03T08:38:37.376Z,0
67ee9c1a7e4a640e49bad30c,67addfab5467acc8aeebe9bb,67978394dee8c7cd3de2331b,2025-04-03T14:32:58.581Z,0
67ee9c427e4a640e49bb02bb,67addfab5467acc8aeebe9bb,67d030b99d1b7a54e6329987,2025-04-03T14:33:38.914Z,0
67f4e2de24d7b4524e481dc5,67e7ea9955d5c352052a34b1,67977895dee8c7cd3de1d9bb,2025-04-08T08:48:30.878Z,0
67f4f43df35a6b0961418822,67f4e43b411201595e1750e0,67978394dee8c7cd3de2331b,2025-04-08T10:02:37.798Z,0
67f50364ba4b947828b3df80,67978394dee8c7cd3de2331b,67f4e43b411201595e1750e0,2025-04-08T11:07:16.416Z,0
67f50471ba4b947828b6a950,67978394dee8c7cd3de2331b,67bc4945e31cabd7a2f56cf8,2025-04-08T11:11:45.132Z,0
67f50477ba4b947828b6bee6,67978394dee8c7cd3de2331b,67e8309355d5c3520549444a,2025-04-08T11:11:51.502Z,0
67f7b9dbba4b94782801c843,67bc0d0de31cabd7a2f25e2a,67e8309355d5c3520549444a,2025-04-10T12:30:19.212Z,0
67f7b9ddba4b94782801ce88,67bc0d0de31cabd7a2f25e2a,679f05eedee8c7cd3df897f2,2025-04-10T12:30:21.302Z,0
67f7b9dfba4b94782801d4d3,67bc0d0de31cabd7a2f25e2a,67978394dee8c7cd3de2331b,2025-04-10T12:30:23.343Z,0
67f7ba97ba4b94782803623e,67bc0d0de31cabd7a2f25e2a,67addfab5467acc8aeebe9bb,2025-04-10T12:33:27.150Z,0
67f8dc2d43ce02c8f48b4275,67977895dee8c7cd3de1d9bb,67e7ea9955d5c352052a34b1,2025-04-11T09:09:01.480Z,0
67f8e5b543ce02c8f494841a,67977895dee8c7cd3de1d9bb,67978394dee8c7cd3de2331b,2025-04-11T09:49:41.835Z,0
67f902d843ce02c8f4be4839,67977895dee8c7cd3de1d9bb,67addfab5467acc8aeebe9bb,2025-04-11T11:54:00.146Z,0
67f9db8643ce02c8f4e54361,67bae5ede31cabd7a2f00586,67c1308dd0bb37f71f53da55,2025-04-12T03:18:30.829Z,0
680a42c1e74394d87ab5e2a8,680a4243e74394d87ab56caa,67978394dee8c7cd3de2331b,2025-04-24T13:55:13.983Z,0
680a42d1e74394d87ab5f5fe,680a4243e74394d87ab56caa,67977880dee8c7cd3de1d9b9,2025-04-24T13:55:29.896Z,0
680a42d3e74394d87ab5f870,680a4243e74394d87ab56caa,67977895dee8c7cd3de1d9bb,2025-04-24T13:55:31.364Z,0
680a42d8e74394d87ab5fe38,680a4243e74394d87ab56caa,679f05eedee8c7cd3df897f2,2025-04-24T13:55:36.258Z,0
680a42dae74394d87ab600aa,680a4243e74394d87ab56caa,67b5da6c547527513e8a6f28,2025-04-24T13:55:38.105Z,0
680c4b5de74394d87a080251,67978394dee8c7cd3de2331b,67e7ea9955d5c352052a34b1,2025-04-26T02:56:29.261Z,0
680c4b68e74394d87a081278,67978394dee8c7cd3de2331b,680a4243e74394d87ab56caa,2025-04-26T02:56:40.751Z,0
68106cefe74394d87ab63a2c,67978394dee8c7cd3de2331b,67978394dee8c7cd3de2331b,2025-04-29T06:08:47.777Z,0
6821b12c8a820010afd65b9b,681d8e218a820010af0ecefe,67977895dee8c7cd3de1d9bb,2025-05-12T08:28:28.094Z,0
68232e7f4b31333709b674a4,67978394dee8c7cd3de2331b,681d8e218a820010af0ecefe,2025-05-13T11:35:27.157Z,0
6826d5e84b313337093d3385,681c608a8a820010afe0e347,6798c06adee8c7cd3de49921,2025-05-16T06:06:32.709Z,0
6826d5ee4b313337093d45be,681c608a8a820010afe0e347,67978394dee8c7cd3de2331b,2025-05-16T06:06:38.013Z,0
6826d5f54b313337093d5b8c,681c608a8a820010afe0e347,679f05eedee8c7cd3df897f2,2025-05-16T06:06:45.337Z,0
6826d5ff4b313337093d7fce,681c608a8a820010afe0e347,67b5da6c547527513e8a6f28,2025-05-16T06:06:55.423Z,0
6826d6054b313337093d9207,681c608a8a820010afe0e347,67bbff23e31cabd7a2f11f81,2025-05-16T06:07:01.267Z,0
6826d61f4b313337093de908,681c608a8a820010afe0e347,67d030b99d1b7a54e6329987,2025-05-16T06:07:27.715Z,0
6826d6234b313337093df0dd,681c608a8a820010afe0e347,67e7ea9955d5c352052a34b1,2025-05-16T06:07:31.222Z,0
6826d6294b313337093e06a5,681c608a8a820010afe0e347,67e8309355d5c3520549444a,2025-05-16T06:07:37.240Z,0
6827328a4b313337094168f7,682731eb4b3133370941339a,67978394dee8c7cd3de2331b,2025-05-16T12:41:46.950Z,0
682732d2971fd490fa942e03,67978394dee8c7cd3de2331b,682731eb4b3133370941339a,2025-05-16T12:42:58.498Z,0
68273ab2971fd490fa99fef6,682731eb4b3133370941339a,67addfab5467acc8aeebe9bb,2025-05-16T13:16:34.798Z,0
68273ab7971fd490fa9a17f2,682731eb4b3133370941339a,67977895dee8c7cd3de1d9bb,2025-05-16T13:16:39.966Z,0
682dc44f971fd490faa5c702,67977895dee8c7cd3de1d9bb,681d8e218a820010af0ecefe,2025-05-21T12:17:19.569Z,0
682ebb17971fd490facb647c,67978394dee8c7cd3de2331b,681c608a8a820010afe0e347,2025-05-22T05:50:15.997Z,0
683a95a9cd4d307177add547,67b5da6c547527513e8a6f28,682731eb4b3133370941339a,2025-05-31T05:37:45.134Z,0
