_id,userId,followerId,createdAt,__v
67977a5bdee8c7cd3de209c5,67977895dee8c7cd3de1d9bb,67977880dee8c7cd3de1d9b9,2025-01-27T12:21:47.657Z,0
679f0686dee8c7cd3df8ae1a,67978394dee8c7cd3de2331b,679f05eedee8c7cd3df897f2,2025-02-02T05:45:42.972Z,0
67b8248be31cabd7a2d836f0,67addfab5467acc8aeebe9bb,67978394dee8c7cd3de2331b,2025-02-21T07:00:27.131Z,0
67b8595ce31cabd7a2e58fee,67978394dee8c7cd3de2331b,67b5da6c547527513e8a6f28,2025-02-21T10:45:48.375Z,0
67b85987e31cabd7a2e5ab1d,679dd040dee8c7cd3df3d90a,67b5da6c547527513e8a6f28,2025-02-21T10:46:31.794Z,0
67b859d7e31cabd7a2e5dc94,679f05eedee8c7cd3df897f2,67b5da6c547527513e8a6f28,2025-02-21T10:47:51.884Z,0
67b85dcbe31cabd7a2e64693,67977895dee8c7cd3de1d9bb,67978394dee8c7cd3de2331b,2025-02-21T11:04:43.891Z,0
67b9c93ce31cabd7a2ee733a,67b6e0dd547527513ea0ef0f,67978394dee8c7cd3de2331b,2025-02-22T12:55:24.456Z,0
67b9e417e31cabd7a2eeaf82,67978394dee8c7cd3de2331b,67b9e3a0e31cabd7a2ee7342,2025-02-22T14:49:59.058Z,0
67b9ec73e31cabd7a2eebcf3,67b9e3a0e31cabd7a2ee7342,67978394dee8c7cd3de2331b,2025-02-22T15:25:39.223Z,0
67bac13ce31cabd7a2ef3859,67b5da6c547527513e8a6f28,67978394dee8c7cd3de2331b,2025-02-23T06:33:32.245Z,0
67baea01e31cabd7a2f03d53,67978394dee8c7cd3de2331b,67bae5ede31cabd7a2f00586,2025-02-23T09:27:29.398Z,0
67baea05e31cabd7a2f03d5f,679dd040dee8c7cd3df3d90a,67bae5ede31cabd7a2f00586,2025-02-23T09:27:33.339Z,0
67baea09e31cabd7a2f03d6b,679f05eedee8c7cd3df897f2,67bae5ede31cabd7a2f00586,2025-02-23T09:27:37.945Z,0
67bc1dc5e31cabd7a2f3d7ad,67bc0d0de31cabd7a2f25e2a,67978394dee8c7cd3de2331b,2025-02-24T07:20:37.494Z,0
67bc4defe31cabd7a2f5cddc,67978394dee8c7cd3de2331b,67bc4945e31cabd7a2f56cf8,2025-02-24T10:46:07.705Z,0
67bd93dee31cabd7a21a55ce,67978394dee8c7cd3de2331b,679dd040dee8c7cd3df3d90a,2025-02-25T09:56:46.779Z,0
67bd93e1e31cabd7a21a5831,67bae5ede31cabd7a2f00586,679dd040dee8c7cd3df3d90a,2025-02-25T09:56:49.061Z,0
67be9c60e31cabd7a229f4a5,67be931ae31cabd7a22964ff,67978394dee8c7cd3de2331b,2025-02-26T04:45:20.662Z,0
67beed39e31cabd7a234013d,67bedf9ee31cabd7a2332122,67978394dee8c7cd3de2331b,2025-02-26T10:30:17.525Z,0
67beeed3e31cabd7a234ac92,67978394dee8c7cd3de2331b,67bedf9ee31cabd7a2332122,2025-02-26T10:37:07.155Z,0
67bf39f3e31cabd7a2379ecd,67978394dee8c7cd3de2331b,67bf3903e31cabd7a23731de,2025-02-26T15:57:39.751Z,0
67bf3a2be31cabd7a237b4ab,67bf3903e31cabd7a23731de,67978394dee8c7cd3de2331b,2025-02-26T15:58:35.078Z,0
67bfee43e31cabd7a238b382,67bfde19e31cabd7a2388f5b,67978394dee8c7cd3de2331b,2025-02-27T04:46:59.238Z,0
67c138d1d0bb37f71f540a3c,67c1308dd0bb37f71f53da55,67978394dee8c7cd3de2331b,2025-02-28T04:17:21.520Z,0
67c2ec9d59646841f2ddf5c8,67bae5ede31cabd7a2f00586,67978394dee8c7cd3de2331b,2025-03-01T11:16:45.573Z,0
67c53a708a5dc07a91cc6676,67b6e0dd547527513ea0ef0f,67977895dee8c7cd3de1d9bb,2025-03-03T05:13:20.994Z,0
67c54b042992512ef821fd99,679dd040dee8c7cd3df3d90a,67978394dee8c7cd3de2331b,2025-03-03T06:24:04.787Z,0
67c5a46b60b8a2fb6964b618,67977895dee8c7cd3de1d9bb,67bc4945e31cabd7a2f56cf8,2025-03-03T12:45:31.577Z,0
67caa8839d1b7a54e689f4e4,67977880dee8c7cd3de1d9b9,67978394dee8c7cd3de2331b,2025-03-07T08:04:19.100Z,0
67cbe46a9d1b7a54e6c47e8e,67cbe0dc9d1b7a54e6c44b7d,67978394dee8c7cd3de2331b,2025-03-08T06:32:10.048Z,0
67cbe50a9d1b7a54e6c4a1de,67bf3903e31cabd7a23731de,679f05eedee8c7cd3df897f2,2025-03-08T06:34:50.119Z,0
67cbe50b9d1b7a54e6c4a226,67c1308dd0bb37f71f53da55,679f05eedee8c7cd3df897f2,2025-03-08T06:34:51.945Z,0
67cbe5109d1b7a54e6c4a2aa,67bc0d0de31cabd7a2f25e2a,679f05eedee8c7cd3df897f2,2025-03-08T06:34:56.412Z,0
67cbe5169d1b7a54e6c4a36a,67bae5ede31cabd7a2f00586,679f05eedee8c7cd3df897f2,2025-03-08T06:35:02.421Z,0
67cbe6cf9d1b7a54e6c4b1f2,679f05eedee8c7cd3df897f2,67978394dee8c7cd3de2331b,2025-03-08T06:42:23.629Z,0
67cc3c389d1b7a54e6c52438,67cc38b79d1b7a54e6c4e9ce,67978394dee8c7cd3de2331b,2025-03-08T12:46:48.989Z,0
67d005529d1b7a54e62b2fa6,67978394dee8c7cd3de2331b,67cfb9de9d1b7a54e6159668,2025-03-11T09:41:38.768Z,0
67d005909d1b7a54e62b6e0b,67cfb9de9d1b7a54e6159668,67978394dee8c7cd3de2331b,2025-03-11T09:42:40.040Z,0
67d0065d9d1b7a54e62bf92c,67bbff23e31cabd7a2f11f81,67978394dee8c7cd3de2331b,2025-03-11T09:46:05.084Z,0
67d0311c9d1b7a54e632c6d8,67cfb9de9d1b7a54e6159668,67d030b99d1b7a54e6329987,2025-03-11T12:48:28.155Z,0
67d031c89d1b7a54e6337be5,67d030b99d1b7a54e6329987,67978394dee8c7cd3de2331b,2025-03-11T12:51:20.923Z,0
67d475599d1b7a54e651653b,67d190369d1b7a54e64e7ccb,67978394dee8c7cd3de2331b,2025-03-14T18:28:41.672Z,0
67db97d394c6fc816642831d,67b5da6c547527513e8a6f28,67cfb9de9d1b7a54e6159668,2025-03-20T04:21:39.866Z,0
67e7eadb55d5c352052aa732,67977880dee8c7cd3de1d9b9,67e7ea9955d5c352052a34b1,2025-03-29T12:43:07.150Z,0
67e7eadc55d5c352052aa7e9,67978394dee8c7cd3de2331b,67e7ea9955d5c352052a34b1,2025-03-29T12:43:08.865Z,0
67e7eae255d5c352052ab0b0,67addfab5467acc8aeebe9bb,67e7ea9955d5c352052a34b1,2025-03-29T12:43:14.633Z,0
67e8322755d5c35205498e34,67977880dee8c7cd3de1d9b9,67e8309355d5c3520549444a,2025-03-29T17:47:19.693Z,0
67e8323655d5c35205499093,67978394dee8c7cd3de2331b,67e8309355d5c3520549444a,2025-03-29T17:47:34.114Z,0
67e8328855d5c35205499d98,679f05eedee8c7cd3df897f2,67e8309355d5c3520549444a,2025-03-29T17:48:56.035Z,0
67e8328a55d5c35205499df9,67addfab5467acc8aeebe9bb,67e8309355d5c3520549444a,2025-03-29T17:48:58.893Z,0
67e8328c55d5c35205499e5a,67b5da6c547527513e8a6f28,67e8309355d5c3520549444a,2025-03-29T17:49:00.981Z,0
67e8329555d5c35205499fba,67bae5ede31cabd7a2f00586,67e8309355d5c3520549444a,2025-03-29T17:49:09.371Z,0
67e8329755d5c3520549a01b,67bbff23e31cabd7a2f11f81,67e8309355d5c3520549444a,2025-03-29T17:49:11.370Z,0
67e8329a55d5c3520549a07d,67bc0d0de31cabd7a2f25e2a,67e8309355d5c3520549444a,2025-03-29T17:49:14.623Z,0
67e832ad55d5c3520549a386,67cfb9de9d1b7a54e6159668,67e8309355d5c3520549444a,2025-03-29T17:49:33.535Z,0
67e832b055d5c3520549a43c,67d030b99d1b7a54e6329987,67e8309355d5c3520549444a,2025-03-29T17:49:36.641Z,0
67e832b555d5c3520549a4f2,67e7ea9955d5c352052a34b1,67e8309355d5c3520549444a,2025-03-29T17:49:41.131Z,0
67ea752355d5c3520587ea79,67cfb9de9d1b7a54e6159668,67e7ea9955d5c352052a34b1,2025-03-31T10:57:39.542Z,0
67ea755755d5c35205882a69,67e7ea9955d5c352052a34b1,67cfb9de9d1b7a54e6159668,2025-03-31T10:58:31.247Z,0
67eb8ffb9f690397a07d32af,679cacdedee8c7cd3df00d3d,67978394dee8c7cd3de2331b,2025-04-01T07:04:27.161Z,0
67ee490d7e4a640e49b56639,67e8309355d5c3520549444a,67e7ea9955d5c352052a34b1,2025-04-03T08:38:37.349Z,0
67ee9c1a7e4a640e49bad30a,67978394dee8c7cd3de2331b,67addfab5467acc8aeebe9bb,2025-04-03T14:32:58.555Z,0
67ee9c427e4a640e49bb02b9,67d030b99d1b7a54e6329987,67addfab5467acc8aeebe9bb,2025-04-03T14:33:38.907Z,0
67f4e2de24d7b4524e481dc3,67977895dee8c7cd3de1d9bb,67e7ea9955d5c352052a34b1,2025-04-08T08:48:30.857Z,0
67f4f43df35a6b0961418820,67978394dee8c7cd3de2331b,67f4e43b411201595e1750e0,2025-04-08T10:02:37.765Z,0
67f50364ba4b947828b3df7e,67f4e43b411201595e1750e0,67978394dee8c7cd3de2331b,2025-04-08T11:07:16.412Z,0
67f50471ba4b947828b6a94e,67bc4945e31cabd7a2f56cf8,67978394dee8c7cd3de2331b,2025-04-08T11:11:45.127Z,0
67f50477ba4b947828b6bee4,67e8309355d5c3520549444a,67978394dee8c7cd3de2331b,2025-04-08T11:11:51.498Z,0
67f7b9dbba4b94782801c841,67e8309355d5c3520549444a,67bc0d0de31cabd7a2f25e2a,2025-04-10T12:30:19.183Z,0
67f7b9ddba4b94782801ce84,679f05eedee8c7cd3df897f2,67bc0d0de31cabd7a2f25e2a,2025-04-10T12:30:21.297Z,0
67f7b9dfba4b94782801d4ce,67978394dee8c7cd3de2331b,67bc0d0de31cabd7a2f25e2a,2025-04-10T12:30:23.337Z,0
67f7ba97ba4b94782803623c,67addfab5467acc8aeebe9bb,67bc0d0de31cabd7a2f25e2a,2025-04-10T12:33:27.144Z,0
67f8dc2d43ce02c8f48b4273,67e7ea9955d5c352052a34b1,67977895dee8c7cd3de1d9bb,2025-04-11T09:09:01.475Z,0
67f8e5b543ce02c8f4948418,67978394dee8c7cd3de2331b,67977895dee8c7cd3de1d9bb,2025-04-11T09:49:41.811Z,0
67f902d843ce02c8f4be4837,67addfab5467acc8aeebe9bb,67977895dee8c7cd3de1d9bb,2025-04-11T11:54:00.140Z,0
67f9db8643ce02c8f4e5435f,67c1308dd0bb37f71f53da55,67bae5ede31cabd7a2f00586,2025-04-12T03:18:30.804Z,0
680a42c1e74394d87ab5e2a6,67978394dee8c7cd3de2331b,680a4243e74394d87ab56caa,2025-04-24T13:55:13.945Z,0
680a42d1e74394d87ab5f5fc,67977880dee8c7cd3de1d9b9,680a4243e74394d87ab56caa,2025-04-24T13:55:29.891Z,0
680a42d3e74394d87ab5f86e,67977895dee8c7cd3de1d9bb,680a4243e74394d87ab56caa,2025-04-24T13:55:31.359Z,0
680a42d8e74394d87ab5fe36,679f05eedee8c7cd3df897f2,680a4243e74394d87ab56caa,2025-04-24T13:55:36.254Z,0
680a42dae74394d87ab600a8,67b5da6c547527513e8a6f28,680a4243e74394d87ab56caa,2025-04-24T13:55:38.101Z,0
680c4b5de74394d87a08024f,67e7ea9955d5c352052a34b1,67978394dee8c7cd3de2331b,2025-04-26T02:56:29.240Z,0
680c4b68e74394d87a081276,680a4243e74394d87ab56caa,67978394dee8c7cd3de2331b,2025-04-26T02:56:40.745Z,0
68106cefe74394d87ab63a2a,67978394dee8c7cd3de2331b,67978394dee8c7cd3de2331b,2025-04-29T06:08:47.770Z,0
6821b12c8a820010afd65b99,67977895dee8c7cd3de1d9bb,681d8e218a820010af0ecefe,2025-05-12T08:28:28.073Z,0
68232e7f4b31333709b674a2,681d8e218a820010af0ecefe,67978394dee8c7cd3de2331b,2025-05-13T11:35:27.151Z,0
6826d5e84b313337093d3383,6798c06adee8c7cd3de49921,681c608a8a820010afe0e347,2025-05-16T06:06:32.703Z,0
6826d5ee4b313337093d45bc,67978394dee8c7cd3de2331b,681c608a8a820010afe0e347,2025-05-16T06:06:38.007Z,0
6826d5f54b313337093d5b8a,679f05eedee8c7cd3df897f2,681c608a8a820010afe0e347,2025-05-16T06:06:45.331Z,0
6826d5ff4b313337093d7fcc,67b5da6c547527513e8a6f28,681c608a8a820010afe0e347,2025-05-16T06:06:55.418Z,0
6826d6054b313337093d9205,67bbff23e31cabd7a2f11f81,681c608a8a820010afe0e347,2025-05-16T06:07:01.261Z,0
6826d61f4b313337093de906,67d030b99d1b7a54e6329987,681c608a8a820010afe0e347,2025-05-16T06:07:27.709Z,0
6826d6234b313337093df0db,67e7ea9955d5c352052a34b1,681c608a8a820010afe0e347,2025-05-16T06:07:31.216Z,0
6826d6294b313337093e06a3,67e8309355d5c3520549444a,681c608a8a820010afe0e347,2025-05-16T06:07:37.235Z,0
6827328a4b313337094168f5,67978394dee8c7cd3de2331b,682731eb4b3133370941339a,2025-05-16T12:41:46.945Z,0
682732d2971fd490fa942e01,682731eb4b3133370941339a,67978394dee8c7cd3de2331b,2025-05-16T12:42:58.486Z,0
68273ab2971fd490fa99fef4,67addfab5467acc8aeebe9bb,682731eb4b3133370941339a,2025-05-16T13:16:34.775Z,0
68273ab7971fd490fa9a17f0,67977895dee8c7cd3de1d9bb,682731eb4b3133370941339a,2025-05-16T13:16:39.961Z,0
682dc44f971fd490faa5c700,681d8e218a820010af0ecefe,67977895dee8c7cd3de1d9bb,2025-05-21T12:17:19.547Z,0
682ebb17971fd490facb647a,681c608a8a820010afe0e347,67978394dee8c7cd3de2331b,2025-05-22T05:50:15.983Z,0
683a95a9cd4d307177add545,682731eb4b3133370941339a,67b5da6c547527513e8a6f28,2025-05-31T05:37:45.126Z,0
